{"cpu_time": 0, "total_cpu_time": null, "wallclock_time": 0.00035691261291503906, "evaluations": 0, "cost": 2147483648, "incumbent": ["burn_in='0.6366132108139522'", "l_rate='0.007812133521750205'", "mdecay='0.7822969392825124'", "n_units_1='72'", "n_units_2='59'"], "origin": "Random initial design."}
{"cpu_time": 46.228333950042725, "total_cpu_time": null, "wallclock_time": 46.283263206481934, "evaluations": 1, "cost": 375.02425943744, "incumbent": ["burn_in='0.6366132108139522'", "l_rate='0.007812133521750205'", "mdecay='0.7822969392825124'", "n_units_1='72'", "n_units_2='59'"], "origin": "Random initial design."}
{"cpu_time": 191.24676823616028, "total_cpu_time": null, "wallclock_time": 191.97472262382507, "evaluations": 2, "cost": 14.037101885341464, "incumbent": ["burn_in='0.45364269906708066'", "l_rate='0.07767477745522469'", "mdecay='0.9413248911823285'", "n_units_1='78'", "n_units_2='328'"], "origin": "Random Search (sorted)"}
