{"cpu_time": 0, "total_cpu_time": null, "wallclock_time": 8.153915405273438e-05, "evaluations": 0, "cost": 2147483648, "incumbent": ["x0='-3.232578933436087'", "x1='4.250634761917889'", "x2='5.622587025753772'", "x3='-0.8120399678397558'", "x4='3.0174160722226713'", "x5='0.2511901743865064'"], "origin": "Random initial design."}
{"cpu_time": 0.03251004219055176, "total_cpu_time": null, "wallclock_time": 0.06262755393981934, "evaluations": 1, "cost": 0.0416733711502385, "incumbent": ["x0='-3.232578933436087'", "x1='4.250634761917889'", "x2='5.622587025753772'", "x3='-0.8120399678397558'", "x4='3.0174160722226713'", "x5='0.2511901743865064'"], "origin": "Random initial design."}
{"cpu_time": 0.0959012508392334, "total_cpu_time": null, "wallclock_time": 0.4649069309234619, "evaluations": 3, "cost": 0.028077233475441922, "incumbent": ["x0='-2.5208142969549945'", "x1='3.5814152304781803'", "x2='7.1727122178173275'", "x3='-1.3279773250202802'", "x4='4.665141427509068'", "x5='0.40486919473545746'"], "origin": "Random Search (sorted)"}
{"cpu_time": 0.4871377944946289, "total_cpu_time": null, "wallclock_time": 11.181675910949707, "evaluations": 14, "cost": 0.019227676188284026, "incumbent": ["x0='-2.8369664413545017'", "x1='4.964903935090726'", "x2='7.2344822753316205'", "x3='-1.1912942012718566'", "x4='1.2250315266824328'", "x5='0.09277825946331841'"], "origin": "Random Search"}
