{
  "data": [
    [
      [
        1,
        null,
        0
      ],
      [
        2496882506393.466,
        11.876218318939209,
        {
          "__enum__": "StatusType.SUCCESS"
        },
        []
      ]
    ],
    [
      [
        2,
        null,
        0
      ],
      [
        117868.15552340169,
        14.105368852615356,
        {
          "__enum__": "StatusType.SUCCESS"
        },
        []
      ]
    ]
  ],
  "config_origins": {
    "1": "Random initial design.",
    "2": "Random Search"
  },
  "configs": {
    "1": {
      "burn_in": 0.7666481501473212,
      "l_rate": 3.1677545232465474e-05,
      "mdecay": 0.5775549331810058,
      "n_units_1": 49,
      "n_units_2": 68
    },
    "2": {
      "burn_in": 0.7991188795129806,
      "l_rate": 0.003236196367049643,
      "mdecay": 0.688434219359513,
      "n_units_1": 29,
      "n_units_2": 364
    }
  }
}