{"cpu_time": 0, "total_cpu_time": null, "wallclock_time": 0.000415802001953125, "evaluations": 0, "cost": 2147483648, "incumbent": ["burn_in='0.7666481501473212'", "l_rate='3.1677545232465474e-05'", "mdecay='0.5775549331810058'", "n_units_1='49'", "n_units_2='68'"], "origin": "Random initial design."}
{"cpu_time": 11.876218318939209, "total_cpu_time": null, "wallclock_time": 11.916321277618408, "evaluations": 1, "cost": 2496882506393.466, "incumbent": ["burn_in='0.7666481501473212'", "l_rate='3.1677545232465474e-05'", "mdecay='0.5775549331810058'", "n_units_1='49'", "n_units_2='68'"], "origin": "Random initial design."}
{"cpu_time": 25.981587171554565, "total_cpu_time": null, "wallclock_time": 26.513108491897583, "evaluations": 2, "cost": 117868.15552340169, "incumbent": ["burn_in='0.7991188795129806'", "l_rate='0.003236196367049643'", "mdecay='0.688434219359513'", "n_units_1='29'", "n_units_2='364'"], "origin": "Random Search"}
