{"cpu_time": 0, "total_cpu_time": null, "wallclock_time": 0.00016307830810546875, "evaluations": 0, "cost": 2147483648, "incumbent": ["x0='1.342681752644344'", "x1='0.033096295208123294'"], "origin": "Random initial design."}
{"cpu_time": 0.028259754180908203, "total_cpu_time": null, "wallclock_time": 0.051781654357910156, "evaluations": 1, "cost": 0.8935996166550483, "incumbent": ["x0='1.342681752644344'", "x1='0.033096295208123294'"], "origin": "Random initial design."}
{"cpu_time": 0.05344820022583008, "total_cpu_time": null, "wallclock_time": 0.24739456176757812, "evaluations": 2, "cost": 0.8935989075630235, "incumbent": ["x0='-0.97784162455876'", "x1='4.914683922564322'"], "origin": "Random Search (sorted)"}
{"cpu_time": 0.13778352737426758, "total_cpu_time": null, "wallclock_time": 0.7643780708312988, "evaluations": 5, "cost": 0.06601466666666664, "incumbent": ["x0='2.5443176037247923'", "x1='-9.83681797180838'"], "origin": "Random Search (sorted)"}
{"cpu_time": 0.1992955207824707, "total_cpu_time": null, "wallclock_time": 1.4355568885803223, "evaluations": 7, "cost": 0.02901773809523811, "incumbent": ["x0='9.531974224362365'", "x1='-6.744386282758659'"], "origin": "Random Search"}
{"cpu_time": 0.7206223011016846, "total_cpu_time": null, "wallclock_time": 11.181859016418457, "evaluations": 24, "cost": 0.01513580194805196, "incumbent": ["x0='2.517420112509072'", "x1='-3.620156907778103'"], "origin": "Random Search (sorted)"}
{"cpu_time": 2.4739201068878174, "total_cpu_time": null, "wallclock_time": 33.36119794845581, "evaluations": 62, "cost": 0.015045801948051959, "incumbent": ["x0='7.2066571581867365'", "x1='-3.8520441556979668'"], "origin": "Random Search (sorted)"}
