{
  "data": [
    [
      [
        1,
        null,
        0
      ],
      [
        12108288955.957333,
        12.57517123222351,
        {
          "__enum__": "StatusType.SUCCESS"
        },
        []
      ]
    ],
    [
      [
        2,
        null,
        0
      ],
      [
        363885.3611315649,
        11.8921058177948,
        {
          "__enum__": "StatusType.SUCCESS"
        },
        []
      ]
    ]
  ],
  "config_origins": {
    "1": "Random initial design.",
    "2": "Random Search (sorted)"
  },
  "configs": {
    "1": {
      "burn_in": 0.07730534357146715,
      "l_rate": 6.453051762935362e-06,
      "mdecay": 0.1616662331612666,
      "n_units_1": 27,
      "n_units_2": 50
    },
    "2": {
      "burn_in": 0.2361966720884846,
      "l_rate": 0.0007815983605891415,
      "mdecay": 0.9652106890748028,
      "n_units_1": 21,
      "n_units_2": 208
    }
  }
}