{"cpu_time": 0, "total_cpu_time": null, "wallclock_time": 0.00034046173095703125, "evaluations": 0, "cost": 2147483648, "incumbent": ["burn_in='0.07730534357146715'", "l_rate='6.453051762935362e-06'", "mdecay='0.1616662331612666'", "n_units_1='27'", "n_units_2='50'"], "origin": "Random initial design."}
{"cpu_time": 12.57517123222351, "total_cpu_time": null, "wallclock_time": 12.61007571220398, "evaluations": 1, "cost": 12108288955.957333, "incumbent": ["burn_in='0.07730534357146715'", "l_rate='6.453051762935362e-06'", "mdecay='0.1616662331612666'", "n_units_1='27'", "n_units_2='50'"], "origin": "Random initial design."}
{"cpu_time": 24.46727705001831, "total_cpu_time": null, "wallclock_time": 24.98080062866211, "evaluations": 2, "cost": 363885.3611315649, "incumbent": ["burn_in='0.2361966720884846'", "l_rate='0.0007815983605891415'", "mdecay='0.9652106890748028'", "n_units_1='21'", "n_units_2='208'"], "origin": "Random Search (sorted)"}
