{"cpu_time": 0, "total_cpu_time": null, "wallclock_time": 0.009428262710571289, "evaluations": 0, "cost": 2147483648, "incumbent": ["x0='-4.8863531013191'", "x1='3.714082035496408'", "x2='5.334658485360944'", "x3='-1.976851650781677'", "x4='4.598756534240658'", "x5='0.3959630417703522'"], "origin": "Random initial design."}
{"cpu_time": 0.04296588897705078, "total_cpu_time": null, "wallclock_time": 0.07055258750915527, "evaluations": 1, "cost": 0.20624074077909746, "incumbent": ["x0='-4.8863531013191'", "x1='3.714082035496408'", "x2='5.334658485360944'", "x3='-1.976851650781677'", "x4='4.598756534240658'", "x5='0.3959630417703522'"], "origin": "Random initial design."}
{"cpu_time": 0.056345462799072266, "total_cpu_time": null, "wallclock_time": 0.36924314498901367, "evaluations": 2, "cost": 0.20497531019335175, "incumbent": ["x0='-3.775464100739464'", "x1='7.0729225676557395'", "x2='4.1244362645325365'", "x3='-3.9202798884885177'", "x4='3.987603246882777'", "x5='0.446331129091648'"], "origin": "Random Search"}
{"cpu_time": 0.11146259307861328, "total_cpu_time": null, "wallclock_time": 1.1278026103973389, "evaluations": 5, "cost": 0.1494814805134579, "incumbent": ["x0='-2.145543181209814'", "x1='6.384460817279176'", "x2='7.129129793167451'", "x3='-1.699940501074166'", "x4='4.264302725689381'", "x5='0.10965197964972168'"], "origin": "Random Search (sorted)"}
