{"cpu_time": 0, "total_cpu_time": null, "wallclock_time": 9.298324584960938e-05, "evaluations": 0, "cost": 2147483648, "incumbent": ["x0='-2.0657575240907544'", "x1='4.407157054680956'", "x2='4.151022090088189'", "x3='-2.5879077570296203'", "x4='4.435772852524021'", "x5='0.14278005896896523'"], "origin": "Random initial design."}
{"cpu_time": 0.014195919036865234, "total_cpu_time": null, "wallclock_time": 0.033194541931152344, "evaluations": 1, "cost": 0.31500461093510923, "incumbent": ["x0='-2.0657575240907544'", "x1='4.407157054680956'", "x2='4.151022090088189'", "x3='-2.5879077570296203'", "x4='4.435772852524021'", "x5='0.14278005896896523'"], "origin": "Random initial design."}
{"cpu_time": 0.02872180938720703, "total_cpu_time": null, "wallclock_time": 0.31720399856567383, "evaluations": 2, "cost": 0.29713560265822275, "incumbent": ["x0='-2.5823484951818534'", "x1='5.983734051213035'", "x2='5.470197296257254'", "x3='-1.6326409112077305'", "x4='3.4835446228531746'", "x5='0.4066325828279558'"], "origin": "Random Search (sorted)"}
{"cpu_time": 0.08895373344421387, "total_cpu_time": null, "wallclock_time": 2.2272708415985107, "evaluations": 6, "cost": 0.28339482690108, "incumbent": ["x0='-2.6499931824483633'", "x1='5.576224879379426'", "x2='7.0041297512080956'", "x3='-0.22078033585292012'", "x4='3.507694880874969'", "x5='0.2633239134302519'"], "origin": "Random Search"}
