{"cpu_time": 0, "total_cpu_time": null, "wallclock_time": 8.654594421386719e-05, "evaluations": 0, "cost": 2147483648, "incumbent": ["x0='-3.747087234132967'", "x1='6.934268420666081'", "x2='7.037747017825554'", "x3='-0.9391011953257338'", "x4='1.7855416092658531'", "x5='0.19757734137449945'"], "origin": "Random initial design."}
{"cpu_time": 0.023621559143066406, "total_cpu_time": null, "wallclock_time": 0.045032501220703125, "evaluations": 1, "cost": 0.30511080840967286, "incumbent": ["x0='-3.747087234132967'", "x1='6.934268420666081'", "x2='7.037747017825554'", "x3='-0.9391011953257338'", "x4='1.7855416092658531'", "x5='0.19757734137449945'"], "origin": "Random initial design."}
{"cpu_time": 0.26412129402160645, "total_cpu_time": null, "wallclock_time": 6.4108452796936035, "evaluations": 10, "cost": 0.26775214751750187, "incumbent": ["x0='-3.4442508397738694'", "x1='7.217513569094033'", "x2='7.0816842244087965'", "x3='-1.760017922650425'", "x4='1.1193179624740122'", "x5='0.11411243912030422'"], "origin": "Random Search"}
{"cpu_time": 0.2883787155151367, "total_cpu_time": null, "wallclock_time": 6.45861029624939, "evaluations": 11, "cost": 0.1185210310532625, "incumbent": ["x0='-2.2898960822052814'", "x1='3.0681570019599227'", "x2='5.653443338822326'", "x3='-3.72450665045236'", "x4='4.952340989920393'", "x5='0.06795402381465626'"], "origin": "Random Search (sorted)"}
{"cpu_time": 0.3168337345123291, "total_cpu_time": null, "wallclock_time": 8.873107671737671, "evaluations": 12, "cost": 0.05187698234157397, "incumbent": ["x0='-2.708830526030203'", "x1='4.61743962487257'", "x2='7.391761431958416'", "x3='-1.8969824472203154'", "x4='2.9847648222290655'", "x5='0.22492295182245242'"], "origin": "Random Search (sorted)"}
