{"cpu_time": 0, "total_cpu_time": null, "wallclock_time": 9.703636169433594e-05, "evaluations": 0, "cost": 2147483648, "incumbent": ["x0='-2.6825397313802792'", "x1='7.619548198595208'", "x2='4.145019634442923'", "x3='-1.1709274274827868'", "x4='3.083628549201582'", "x5='0.4016129149717395'"], "origin": "Random initial design."}
{"cpu_time": 0.014354705810546875, "total_cpu_time": null, "wallclock_time": 0.03343462944030762, "evaluations": 1, "cost": 0.4528719992715948, "incumbent": ["x0='-2.6825397313802792'", "x1='7.619548198595208'", "x2='4.145019634442923'", "x3='-1.1709274274827868'", "x4='3.083628549201582'", "x5='0.4016129149717395'"], "origin": "Random initial design."}
{"cpu_time": 0.029262065887451172, "total_cpu_time": null, "wallclock_time": 0.3221702575683594, "evaluations": 2, "cost": 0.07017186877415874, "incumbent": ["x0='-3.0497673710891613'", "x1='5.330919757007382'", "x2='6.940968125883387'", "x3='-1.539624143253262'", "x4='3.0835006236294973'", "x5='0.13989358695433468'"], "origin": "Random Search"}
{"cpu_time": 0.35594820976257324, "total_cpu_time": null, "wallclock_time": 7.989388465881348, "evaluations": 13, "cost": 0.06978742599298596, "incumbent": ["x0='-2.080773012338321'", "x1='7.506384712120714'", "x2='6.896214129221207'", "x3='-2.72928328234397'", "x4='2.272471024389858'", "x5='0.2980244053518462'"], "origin": "Random Search (sorted)"}
{"cpu_time": 0.5214650630950928, "total_cpu_time": null, "wallclock_time": 16.556226015090942, "evaluations": 19, "cost": 0.06571687099379363, "incumbent": ["x0='-2.3405863434213656'", "x1='5.792361305300507'", "x2='7.327439884780533'", "x3='-2.3234915721205947'", "x4='1.4778937397419685'", "x5='0.028695689863961982'"], "origin": "Random Search (sorted)"}
{"cpu_time": 0.5641236305236816, "total_cpu_time": null, "wallclock_time": 19.506958723068237, "evaluations": 21, "cost": 0.057892353191789814, "incumbent": ["x0='-2.5491670410058593'", "x1='6.425536998040009'", "x2='6.936642202921141'", "x3='-1.3976295959426155'", "x4='4.26709788987649'", "x5='0.10374118577443192'"], "origin": "Random Search (sorted)"}
{"cpu_time": 0.9305191040039062, "total_cpu_time": null, "wallclock_time": 39.099194049835205, "evaluations": 34, "cost": 0.04242423898302448, "incumbent": ["x0='-2.459187504000582'", "x1='5.380176653573916'", "x2='7.223467832882394'", "x3='-2.232403616774815'", "x4='2.916420099006719'", "x5='0.07248265530684728'"], "origin": "Random Search (sorted)"}
