{"cpu_time": 0, "total_cpu_time": null, "wallclock_time": 0.0023317337036132812, "evaluations": 0, "cost": 2147483648, "incumbent": ["burn_in='0.7449168972841247'", "l_rate='0.023274625892008422'", "mdecay='0.34691504838649156'", "n_units_1='299'", "n_units_2='378'"], "origin": "Random initial design."}
{"cpu_time": 338.2403540611267, "total_cpu_time": null, "wallclock_time": 338.28612875938416, "evaluations": 1, "cost": 44.73394077098371, "incumbent": ["burn_in='0.7449168972841247'", "l_rate='0.023274625892008422'", "mdecay='0.34691504838649156'", "n_units_1='299'", "n_units_2='378'"], "origin": "Random initial design."}
{"cpu_time": 888.9682219028473, "total_cpu_time": null, "wallclock_time": 895.5453667640686, "evaluations": 8, "cost": 8.850105446315997, "incumbent": ["burn_in='0.7821861723196819'", "l_rate='0.09864203596860698'", "mdecay='0.15556741022530218'", "n_units_1='20'", "n_units_2='425'"], "origin": "Random Search (sorted)"}
{"cpu_time": 1538.6030957698822, "total_cpu_time": null, "wallclock_time": 1548.278410434723, "evaluations": 11, "cost": 7.389351352343085, "incumbent": ["burn_in='0.4401689253145046'", "l_rate='0.016992876300442057'", "mdecay='0.004043439598518939'", "n_units_1='173'", "n_units_2='152'"], "origin": "Random Search (sorted)"}
{"cpu_time": 2539.6154973506927, "total_cpu_time": null, "wallclock_time": 2556.4256768226624, "evaluations": 15, "cost": 3.8516996888768507, "incumbent": ["burn_in='0.7753793259809143'", "l_rate='0.07658283284744892'", "mdecay='0.26226539027151374'", "n_units_1='69'", "n_units_2='21'"], "origin": "Random Search (sorted)"}
