{"cpu_time": 0, "total_cpu_time": null, "wallclock_time": 0.0003876686096191406, "evaluations": 0, "cost": 2147483648, "incumbent": ["burn_in='0.3524645578711918'", "l_rate='0.003429552862346398'", "mdecay='0.13764096034997053'", "n_units_1='172'", "n_units_2='413'"], "origin": "Random initial design."}
{"cpu_time": 223.37937831878662, "total_cpu_time": null, "wallclock_time": 223.43469548225403, "evaluations": 1, "cost": 4.987080365583064, "incumbent": ["burn_in='0.3524645578711918'", "l_rate='0.003429552862346398'", "mdecay='0.13764096034997053'", "n_units_1='172'", "n_units_2='413'"], "origin": "Random initial design."}
{"cpu_time": 558.970231294632, "total_cpu_time": null, "wallclock_time": 560.8218863010406, "evaluations": 5, "cost": 1.756934165349096, "incumbent": ["burn_in='0.6394829809745686'", "l_rate='0.021555510547828824'", "mdecay='0.3906329904195024'", "n_units_1='279'", "n_units_2='76'"], "origin": "Random Search (sorted)"}
{"cpu_time": 608.7749814987183, "total_cpu_time": null, "wallclock_time": 612.946967124939, "evaluations": 6, "cost": -0.03290410378263687, "incumbent": ["burn_in='0.12292719841052585'", "l_rate='0.007679056661525063'", "mdecay='0.34886332949974186'", "n_units_1='412'", "n_units_2='31'"], "origin": "Random Search"}
{"cpu_time": 911.3870751857758, "total_cpu_time": null, "wallclock_time": 918.3930883407593, "evaluations": 9, "cost": -0.6580043649771659, "incumbent": ["burn_in='0.2523571093289596'", "l_rate='0.04458325253349339'", "mdecay='0.3407451637834581'", "n_units_1='273'", "n_units_2='184'"], "origin": "Random Search (sorted)"}
