{"cpu_time": 0, "total_cpu_time": null, "wallclock_time": 6.937980651855469e-05, "evaluations": 0, "cost": 2147483648, "incumbent": ["x0='-4.206747670116752'", "x1='5.9407555020237'", "x2='4.272656104363868'", "x3='-2.04014694348734'", "x4='3.6051647150286685'", "x5='0.17220570897159826'"], "origin": "Random initial design."}
{"cpu_time": 0.027514219284057617, "total_cpu_time": null, "wallclock_time": 0.05218505859375, "evaluations": 1, "cost": 0.12168000017881393, "incumbent": ["x0='-4.206747670116752'", "x1='5.9407555020237'", "x2='4.272656104363868'", "x3='-2.04014694348734'", "x4='3.6051647150286685'", "x5='0.17220570897159826'"], "origin": "Random initial design."}
{"cpu_time": 0.19997000694274902, "total_cpu_time": null, "wallclock_time": 2.4613289833068848, "evaluations": 7, "cost": 0.022840000292062755, "incumbent": ["x0='-3.7207104804871576'", "x1='4.033656897035949'", "x2='7.327637879035284'", "x3='-0.6000054119208484'", "x4='4.403500426300965'", "x5='0.28858325123076434'"], "origin": "Random Search"}
