{"cpu_time": 0, "total_cpu_time": null, "wallclock_time": 9.393692016601562e-05, "evaluations": 0, "cost": 2147483648, "incumbent": ["x0='-5.901036752912455'", "x1='3.221638046453227'", "x2='7.617107551611429'", "x3='-0.1689250213983846'", "x4='4.396231385345797'", "x5='0.46455645166091974'"], "origin": "Random initial design."}
{"cpu_time": 0.014675378799438477, "total_cpu_time": null, "wallclock_time": 0.03440260887145996, "evaluations": 1, "cost": 0.45398229632110054, "incumbent": ["x0='-5.901036752912455'", "x1='3.221638046453227'", "x2='7.617107551611429'", "x3='-0.1689250213983846'", "x4='4.396231385345797'", "x5='0.46455645166091974'"], "origin": "Random initial design."}
{"cpu_time": 0.029813766479492188, "total_cpu_time": null, "wallclock_time": 0.36567044258117676, "evaluations": 2, "cost": 0.05551085800100314, "incumbent": ["x0='-2.988385430258473'", "x1='5.569945694158359'", "x2='5.897997928985314'", "x3='-2.2942176503281444'", "x4='2.3002429780299942'", "x5='0.47119457519131447'"], "origin": "Random Search"}
{"cpu_time": 0.08027052879333496, "total_cpu_time": null, "wallclock_time": 1.307112693786621, "evaluations": 5, "cost": 0.03869670066062423, "incumbent": ["x0='-3.1914125169356584'", "x1='7.214990125768712'", "x2='7.696512969510755'", "x3='-3.948947265939128'", "x4='2.2614500740521755'", "x5='0.24197149060224105'"], "origin": "Random Search (sorted)"}
{"cpu_time": 0.16446709632873535, "total_cpu_time": null, "wallclock_time": 6.249393463134766, "evaluations": 10, "cost": 0.03073210054986055, "incumbent": ["x0='-3.1876370811293464'", "x1='4.584445182076711'", "x2='6.497718836440081'", "x3='-3.331887468467503'", "x4='4.418498287838387'", "x5='0.4024185653628192'"], "origin": "Random Search"}
{"cpu_time": 0.20152521133422852, "total_cpu_time": null, "wallclock_time": 8.716110706329346, "evaluations": 12, "cost": 0.02711182522466845, "incumbent": ["x0='-3.4402391368932332'", "x1='7.351839158062646'", "x2='7.571081862435461'", "x3='-0.8953586415165598'", "x4='4.222120977175425'", "x5='0.04183994613865588'"], "origin": "Random Search (sorted)"}
{"cpu_time": 0.7812402248382568, "total_cpu_time": null, "wallclock_time": 32.870060205459595, "evaluations": 30, "cost": 0.025020113513053464, "incumbent": ["x0='-2.7120469419112'", "x1='3.3802476513269344'", "x2='6.2838212996159974'", "x3='-2.385583625898922'", "x4='4.681645973967414'", "x5='0.24418913554775123'"], "origin": "Random Search"}
{"cpu_time": 0.9394075870513916, "total_cpu_time": null, "wallclock_time": 39.95304465293884, "evaluations": 34, "cost": 0.02485921195890285, "incumbent": ["x0='-2.5877099479354286'", "x1='5.590285720666181'", "x2='6.45514174698543'", "x3='-1.322227612099546'", "x4='2.212377975001813'", "x5='0.39278208828980926'"], "origin": "Random Search"}
