{"cpu_time": 0, "total_cpu_time": null, "wallclock_time": 0.00010132789611816406, "evaluations": 0, "cost": 2147483648, "incumbent": ["x0='-2.680037398569014'", "x1='7.104944615374214'", "x2='5.291855763284372'", "x3='-3.6164697336704057'", "x4='3.9699774206883713'", "x5='0.15765586728812586'"], "origin": "Random initial design."}
{"cpu_time": 0.015165567398071289, "total_cpu_time": null, "wallclock_time": 0.03575706481933594, "evaluations": 1, "cost": 0.03080000223398207, "incumbent": ["x0='-2.680037398569014'", "x1='7.104944615374214'", "x2='5.291855763284372'", "x3='-3.6164697336704057'", "x4='3.9699774206883713'", "x5='0.15765586728812586'"], "origin": "Random initial design."}
{"cpu_time": 0.03326272964477539, "total_cpu_time": null, "wallclock_time": 0.3760969638824463, "evaluations": 2, "cost": 0.02095000512361528, "incumbent": ["x0='-3.350619453760151'", "x1='6.28234639957985'", "x2='7.523416363908132'", "x3='-1.2234671481602377'", "x4='1.2427417727578125'", "x5='0.35054808115153135'"], "origin": "Random Search (sorted)"}
{"cpu_time": 0.5583105087280273, "total_cpu_time": null, "wallclock_time": 22.344090461730957, "evaluations": 22, "cost": 0.019880000931024544, "incumbent": ["x0='-3.363406167420284'", "x1='3.1847719969803885'", "x2='7.1538943396554515'", "x3='-3.822179828964913'", "x4='1.0900530657752872'", "x5='0.12801727321259682'"], "origin": "Random Search (sorted)"}
{"cpu_time": 0.5791840553283691, "total_cpu_time": null, "wallclock_time": 22.385263681411743, "evaluations": 23, "cost": 0.019679999596476573, "incumbent": ["x0='-3.0625193163807376'", "x1='4.188859373392755'", "x2='6.651683755882928'", "x3='-3.2232680901657504'", "x4='2.9504999828406016'", "x5='0.1408310033391113'"], "origin": "Random Search (sorted)"}
{"cpu_time": 0.7371954917907715, "total_cpu_time": null, "wallclock_time": 33.71429228782654, "evaluations": 30, "cost": 0.019659999843835808, "incumbent": ["x0='-3.164055905466697'", "x1='7.096104975348439'", "x2='7.775828954617282'", "x3='-3.9285833348833252'", "x4='1.3143931240853832'", "x5='0.17958073153625176'"], "origin": "Random Search"}
