{"cpu_time": 0, "total_cpu_time": null, "wallclock_time": 8.988380432128906e-05, "evaluations": 0, "cost": 2147483648, "incumbent": ["x0='-4.427184146847615'", "x1='5.468409116159567'", "x2='5.166697446737537'", "x3='-2.4737392169558943'", "x4='4.557793026011394'", "x5='0.26048328742862104'"], "origin": "Random initial design."}
{"cpu_time": 0.014215469360351562, "total_cpu_time": null, "wallclock_time": 0.03326892852783203, "evaluations": 1, "cost": 0.16898147900181787, "incumbent": ["x0='-4.427184146847615'", "x1='5.468409116159567'", "x2='5.166697446737537'", "x3='-2.4737392169558943'", "x4='4.557793026011394'", "x5='0.26048328742862104'"], "origin": "Random initial design."}
{"cpu_time": 0.02863907814025879, "total_cpu_time": null, "wallclock_time": 0.3213036060333252, "evaluations": 2, "cost": 0.14852777666984882, "incumbent": ["x0='-3.0208079181949494'", "x1='4.302339512022793'", "x2='6.682814513749159'", "x3='-1.5860107594761308'", "x4='1.7579816943137954'", "x5='0.29784322077691755'"], "origin": "Random Search"}
