{"cpu_time": 0, "total_cpu_time": null, "wallclock_time": 6.890296936035156e-05, "evaluations": 0, "cost": 2147483648, "incumbent": ["x0='-4.883873400348966'", "x1='5.395071371233329'", "x2='5.850207574667986'", "x3='-2.466976196963293'", "x4='3.5783326110298836'", "x5='0.3000528495112813'"], "origin": "Random initial design."}
{"cpu_time": 0.018544673919677734, "total_cpu_time": null, "wallclock_time": 0.04565715789794922, "evaluations": 1, "cost": 0.42730165588762264, "incumbent": ["x0='-4.883873400348966'", "x1='5.395071371233329'", "x2='5.850207574667986'", "x3='-2.466976196963293'", "x4='3.5783326110298836'", "x5='0.3000528495112813'"], "origin": "Random initial design."}
{"cpu_time": 0.0526883602142334, "total_cpu_time": null, "wallclock_time": 0.35910844802856445, "evaluations": 3, "cost": 0.2868957534633109, "incumbent": ["x0='-2.4861177598532462'", "x1='6.478288568019359'", "x2='7.333864369866159'", "x3='-3.4124638323261696'", "x4='2.9318593269725737'", "x5='0.3098095053361572'"], "origin": "Random Search"}
{"cpu_time": 0.3200955390930176, "total_cpu_time": null, "wallclock_time": 10.395714282989502, "evaluations": 15, "cost": 0.28402213341566807, "incumbent": ["x0='-2.7139382394488707'", "x1='4.8241444007432035'", "x2='6.437806712727886'", "x3='-1.4733864555122596'", "x4='3.99905848060725'", "x5='0.32877140885414735'"], "origin": "Random Search (sorted)"}
