{
  "data": [
    [
      [
        1,
        null,
        0
      ],
      [
        2542253.717178461,
        25.30118989944458,
        {
          "__enum__": "StatusType.SUCCESS"
        },
        []
      ]
    ],
    [
      [
        2,
        null,
        0
      ],
      [
        1155730007821.2078,
        16.502408027648926,
        {
          "__enum__": "StatusType.SUCCESS"
        },
        []
      ]
    ]
  ],
  "config_origins": {
    "1": "Random initial design.",
    "2": "Random Search"
  },
  "configs": {
    "1": {
      "burn_in": 0.5219030888219071,
      "l_rate": 0.0002013234588436348,
      "mdecay": 0.6904570102142349,
      "n_units_1": 344,
      "n_units_2": 39
    },
    "2": {
      "burn_in": 0.33955141564157354,
      "l_rate": 1.1209242928499935e-06,
      "mdecay": 0.5285352619547161,
      "n_units_1": 52,
      "n_units_2": 91
    }
  }
}