{"cpu_time": 0, "total_cpu_time": null, "wallclock_time": 0.00036907196044921875, "evaluations": 0, "cost": 2147483648, "incumbent": ["burn_in='0.5219030888219071'", "l_rate='0.0002013234588436348'", "mdecay='0.6904570102142349'", "n_units_1='344'", "n_units_2='39'"], "origin": "Random initial design."}
{"cpu_time": 25.30118989944458, "total_cpu_time": null, "wallclock_time": 25.369804620742798, "evaluations": 1, "cost": 2542253.717178461, "incumbent": ["burn_in='0.5219030888219071'", "l_rate='0.0002013234588436348'", "mdecay='0.6904570102142349'", "n_units_1='344'", "n_units_2='39'"], "origin": "Random initial design."}
