{
  "data": [
    [
      [
        1,
        null,
        0
      ],
      [
        16985979.765467405,
        18.060906887054443,
        {
          "__enum__": "StatusType.SUCCESS"
        },
        []
      ]
    ],
    [
      [
        2,
        null,
        0
      ],
      [
        417575418990.3108,
        16.90835189819336,
        {
          "__enum__": "StatusType.SUCCESS"
        },
        []
      ]
    ]
  ],
  "config_origins": {
    "1": "Random initial design.",
    "2": "Random Search (sorted)"
  },
  "configs": {
    "1": {
      "burn_in": 0.4640125438939804,
      "l_rate": 7.465279055348597e-05,
      "mdecay": 0.7258710561569837,
      "n_units_1": 193,
      "n_units_2": 18
    },
    "2": {
      "burn_in": 0.3049252578240008,
      "l_rate": 2.4038749125248136e-06,
      "mdecay": 0.31659925197853733,
      "n_units_1": 17,
      "n_units_2": 189
    }
  }
}