{"cpu_time": 0, "total_cpu_time": null, "wallclock_time": 0.0002872943878173828, "evaluations": 0, "cost": 2147483648, "incumbent": ["burn_in='0.4640125438939804'", "l_rate='7.465279055348597e-05'", "mdecay='0.7258710561569837'", "n_units_1='193'", "n_units_2='18'"], "origin": "Random initial design."}
{"cpu_time": 18.060906887054443, "total_cpu_time": null, "wallclock_time": 18.105103492736816, "evaluations": 1, "cost": 16985979.765467405, "incumbent": ["burn_in='0.4640125438939804'", "l_rate='7.465279055348597e-05'", "mdecay='0.7258710561569837'", "n_units_1='193'", "n_units_2='18'"], "origin": "Random initial design."}
