{"cpu_time": 0, "total_cpu_time": null, "wallclock_time": 7.033348083496094e-05, "evaluations": 0, "cost": 2147483648, "incumbent": ["x0='-4.143064484620699'", "x1='3.41201617926935'", "x2='5.885390375676876'", "x3='-1.3996332638421483'", "x4='2.4787544701344886'", "x5='0.06315585129981383'"], "origin": "Random initial design."}
{"cpu_time": 0.04063248634338379, "total_cpu_time": null, "wallclock_time": 0.08260107040405273, "evaluations": 1, "cost": 0.32103207657334343, "incumbent": ["x0='-4.143064484620699'", "x1='3.41201617926935'", "x2='5.885390375676876'", "x3='-1.3996332638421483'", "x4='2.4787544701344886'", "x5='0.06315585129981383'"], "origin": "Random initial design."}
{"cpu_time": 0.07454848289489746, "total_cpu_time": null, "wallclock_time": 0.42035937309265137, "evaluations": 2, "cost": 0.20234037692749465, "incumbent": ["x0='-2.6469587013784497'", "x1='4.0777176776897335'", "x2='4.894130669530188'", "x3='-1.5950978305698338'", "x4='1.8817094889080397'", "x5='0.11818460275329984'"], "origin": "Random Search"}
{"cpu_time": 0.19159531593322754, "total_cpu_time": null, "wallclock_time": 1.3232083320617676, "evaluations": 5, "cost": 0.09220535231272806, "incumbent": ["x0='-3.5515296284958286'", "x1='3.4159337556575404'", "x2='6.850258132478894'", "x3='-1.0137966424437348'", "x4='4.663335884295854'", "x5='0.2607717284028018'"], "origin": "Random Search"}
{"cpu_time": 0.5986759662628174, "total_cpu_time": null, "wallclock_time": 11.62325644493103, "evaluations": 15, "cost": 0.029007192667982497, "incumbent": ["x0='-3.900032196859244'", "x1='5.562547296496028'", "x2='7.188160010744838'", "x3='-0.6017059649237835'", "x4='3.8842385319756785'", "x5='0.23351191896088325'"], "origin": "Random Search (sorted)"}
