{"cpu_time": 0, "total_cpu_time": null, "wallclock_time": 0.0001914501190185547, "evaluations": 0, "cost": 2147483648, "incumbent": ["x0='-2.763456783161529'", "x1='6.681601775093551'", "x2='7.777465262058573'", "x3='-1.614322334367868'", "x4='1.0714981172735687'", "x5='0.012826150125409497'"], "origin": "Random initial design."}
{"cpu_time": 0.030979394912719727, "total_cpu_time": null, "wallclock_time": 0.07370328903198242, "evaluations": 1, "cost": 0.26680712789807987, "incumbent": ["x0='-2.763456783161529'", "x1='6.681601775093551'", "x2='7.777465262058573'", "x3='-1.614322334367868'", "x4='1.0714981172735687'", "x5='0.012826150125409497'"], "origin": "Random initial design."}
{"cpu_time": 0.08523941040039062, "total_cpu_time": null, "wallclock_time": 0.7302227020263672, "evaluations": 3, "cost": 0.08035564384324528, "incumbent": ["x0='-2.975028821874204'", "x1='3.37687820329722'", "x2='5.20362478305125'", "x3='-2.4549191822839265'", "x4='3.6406619843765307'", "x5='0.09726420263601987'"], "origin": "Random Search"}
{"cpu_time": 0.16112351417541504, "total_cpu_time": null, "wallclock_time": 4.5691819190979, "evaluations": 6, "cost": 0.002223006958301432, "incumbent": ["x0='-3.3296390336760147'", "x1='5.593861737903584'", "x2='7.723454971546828'", "x3='-2.4347001816089113'", "x4='2.8808660453391677'", "x5='0.14284223976501176'"], "origin": "Random Search (sorted)"}
{"cpu_time": 1.4907829761505127, "total_cpu_time": null, "wallclock_time": 52.70077872276306, "evaluations": 39, "cost": 0.001607906271525239, "incumbent": ["x0='-3.6253867093927665'", "x1='5.500766337200364'", "x2='7.597126214974917'", "x3='-2.21662246745676'", "x4='2.8558631974361828'", "x5='0.08394208264413566'"], "origin": "Local Search"}
