{"cpu_time": 0, "total_cpu_time": null, "wallclock_time": 0.00012350082397460938, "evaluations": 0, "cost": 2147483648, "incumbent": ["x0='7.9466769715940195'", "x1='-8.686702776049785'"], "origin": "Random initial design."}
{"cpu_time": 0.03505849838256836, "total_cpu_time": null, "wallclock_time": 0.05985736846923828, "evaluations": 1, "cost": 0.04299333333333334, "incumbent": ["x0='7.9466769715940195'", "x1='-8.686702776049785'"], "origin": "Random initial design."}
{"cpu_time": 0.10093188285827637, "total_cpu_time": null, "wallclock_time": 0.3517172336578369, "evaluations": 3, "cost": 0.02090835858585861, "incumbent": ["x0='3.820724300119389'", "x1='-2.848474530069394'"], "origin": "Random Search (sorted)"}
{"cpu_time": 0.27942967414855957, "total_cpu_time": null, "wallclock_time": 2.1791176795959473, "evaluations": 9, "cost": 0.01749450013875011, "incumbent": ["x0='7.46199469029164'", "x1='-4.804613281193277'"], "origin": "Random Search (sorted)"}
{"cpu_time": 0.40927696228027344, "total_cpu_time": null, "wallclock_time": 4.407450437545776, "evaluations": 13, "cost": 0.01513580194805196, "incumbent": ["x0='1.1537695568941224'", "x1='-3.174098477835545'"], "origin": "Random Search"}
{"cpu_time": 0.6449446678161621, "total_cpu_time": null, "wallclock_time": 8.857359647750854, "evaluations": 20, "cost": 0.015045801948051959, "incumbent": ["x0='3.6333336287953664'", "x1='-4.0831235766574085'"], "origin": "Random Search"}
